scope,feature,spearman_rho,spearman_p,pearson_r,pearson_p,n
All,Qd_mean_2_10,-0.5230212771042152,2.035411175211201e-10,-0.5178076076648512,3.296209485460903e-10,129
All,Qd_100,-0.483754290664077,6.33906295469959e-09,-0.4713955778251572,1.7152902668748142e-08,129
All,Qd_change_10_100,-0.08672670759383308,0.32842993109364915,-0.02305042375721071,0.7954124878702786,129
All,Qd_slope_10_100,-0.2077449434940169,0.018157180341107384,-0.11323151383090627,0.20136990080766115,129
All,IR_mean_2_100,-0.31368024431226227,0.0002947752245851488,0.0012968789834151527,0.9883621901898278,129
All,IR_100,-0.28460034374967985,0.0010798642488092916,0.002285881345385026,0.9794886885662402,129
All,IR_slope_10_100,-0.10187652864616205,0.26218186977069136,0.042883784863885,0.637665862211505,123
All,Tavg_mean_2_100,0.1896599917380592,0.03133948869261022,0.23871651476162686,0.00644159661713217,129
All,Tmax_max_2_100,-0.05636523217293467,0.5257810065279012,-0.07233323704573628,0.41529042062550203,129
All,charge_time_mean_2_100,-0.13269938170978926,0.13383642019621994,-0.1941395725456267,0.027485068024234574,129
All,charge_time_std_2_100,-0.11603439216280009,0.19036579506236748,-0.2149389280736465,0.014439628102117795,129
All,deltaQ_min,0.8833981820563573,1.249391868275769e-43,0.827287578517051,1.3328243879519835e-33,129
All,deltaQ_mean,0.8692740303990383,1.1198428853771127e-40,0.7973774367332498,1.2299339950133296e-29,129
All,deltaQ_abs_mean,-0.8697939378220071,8.84452559925385e-41,-0.7918182990847289,5.67343369131946e-29,129
All,deltaQ_range,-0.8683180715890635,1.7236603385377702e-40,-0.7999176728125519,6.0194963231635424e-30,129
All,deltaQ_logvar,-0.8920744865772992,1.2214674174067153e-45,-0.8506086948396538,2.8994205668677447e-37,129
All,deltaQ_skew,-0.3365897427507203,9.613577467634967e-05,-0.025659163363494913,0.7728546004839876,129
All,deltaQ_kurtosis,0.3772683057962308,1.0470386791270933e-05,0.3647312958403275,2.1418393478914897e-05,129
All,c_rate_1,-0.02745209236655038,0.7574590525862778,-0.07825177234916186,0.37806284703735527,129
All,switch_soc,0.16046877826173975,0.0692743293588195,0.22158424331438925,0.011613655448274663,129
All,c_rate_2,-0.1458114796287822,0.09918757963501158,-0.12481384857087102,0.15873698243529002,129
Batch 1,Qd_mean_2_10,0.09214259299626568,0.5424975078467151,0.09017819834277246,0.5511734853444257,46
Batch 1,Qd_100,0.3242876532626271,0.027899706580202393,0.295097964369578,0.04648597040505474,46
Batch 1,Qd_change_10_100,0.6126187257241679,6.036123312130536e-06,0.5499905441450971,7.514105645207432e-05,46
Batch 1,Qd_slope_10_100,0.47841371745115985,0.000771040224225531,0.10869012087969768,0.47212906811234523,46
Batch 1,IR_mean_2_100,0.13550018528299576,0.3692569392180666,0.176630761695182,0.24029107899532082,46
Batch 1,IR_100,0.24515850546195186,0.10055803429849101,0.3074704806090207,0.03765177805353288,46
Batch 1,IR_slope_10_100,-0.17151844117979573,0.2543901024226921,0.17240789588512065,0.2518980396231249,46
Batch 1,Tavg_mean_2_100,-0.37146910148360657,0.011029520555416826,-0.48177463667634024,0.0006988839225022428,46
Batch 1,Tmax_max_2_100,-0.32237572529550246,0.028889666267779373,-0.39977851195492015,0.005911896717876865,46
Batch 1,charge_time_mean_2_100,0.6130504513941638,5.920877244888837e-06,0.5770368723870706,2.694371807920763e-05,46
Batch 1,charge_time_std_2_100,0.01985938081981094,0.8957761935279399,0.06662308263738413,0.6599996555838944,46
Batch 1,deltaQ_min,0.8500061691261938,7.873942254887436e-14,0.8816450170696561,6.021710550310929e-16,46
Batch 1,deltaQ_mean,0.8281115101478308,1.244279606012411e-12,0.853809784463006,4.662049720731535e-14,46
Batch 1,deltaQ_abs_mean,-0.8281115101478308,1.244279606012411e-12,-0.8537942092012155,4.6722060079496003e-14,46
Batch 1,deltaQ_range,-0.8495127683604842,8.418968152049598e-14,-0.8818662964221301,5.792423879428276e-16,46
Batch 1,deltaQ_logvar,-0.8711607269559923,3.4849985796058345e-15,-0.8861231036774866,2.7028986227212133e-16,46
Batch 1,deltaQ_skew,-0.5556926123804241,6.0977182883294645e-05,-0.5850066331378362,1.9568560270807246e-05,46
Batch 1,deltaQ_kurtosis,0.21931664035791215,0.1430743389182334,0.3041132805104253,0.03990001718782879,46
Batch 1,c_rate_1,-0.48271400298540956,0.0006798301167917077,-0.5797191371008248,2.4216765973613692e-05,46
Batch 1,switch_soc,0.18515925395200944,0.21797286094610813,0.23455103060246418,0.1166480711513576,46
Batch 1,c_rate_2,0.04741433338534666,0.7543523473289235,-0.09588674869190955,0.5261452944131032,46
Batch 2,Qd_mean_2_10,0.09292438553528971,0.573672145328933,-0.26593654729728644,0.10176499106366964,39
Batch 2,Qd_100,0.07723453830438569,0.6402596016260581,-0.333603319983239,0.03794560060417252,39
Batch 2,Qd_change_10_100,-0.05456017843520824,0.7414843588670043,-0.18725389246006252,0.2536680048303893,39
Batch 2,Qd_slope_10_100,-0.27097884540083944,0.09519926766108223,-0.4844217464825464,0.0017781869557240118,39
Batch 2,IR_mean_2_100,-0.3456375572756594,0.031146727043896066,-0.35236391873721173,0.027805732898726496,39
Batch 2,IR_100,-0.34452210674609146,0.03173144672874965,-0.3529480528471112,0.027530142551082586,39
Batch 2,IR_slope_10_100,0.14539985009401132,0.4194612568509353,0.0777629124109849,0.6670925246934163,33
Batch 2,Tavg_mean_2_100,0.16550258208082647,0.31398219394653226,0.4253120270489282,0.006951526483057072,39
Batch 2,Tmax_max_2_100,-0.1517360064459687,0.3564683414597306,-0.01629853535666012,0.9215518282514731,39
Batch 2,charge_time_mean_2_100,-0.39325842898104635,0.013260574022552356,0.08706750328012963,0.5981600160289358,39
Batch 2,charge_time_std_2_100,-0.040489928337816866,0.8066632624681346,0.09037604190379306,0.5842708490840609,39
Batch 2,deltaQ_min,0.6608968552940159,4.665206004608516e-06,0.8185183255033295,1.9486299290832009e-10,39
Batch 2,deltaQ_mean,0.6972365659772065,8.148446625957613e-07,0.7670852072368175,1.2302321863263744e-08,39
Batch 2,deltaQ_abs_mean,-0.6970341163355174,8.233818384035908e-07,-0.7649387738332547,1.4290360986673e-08,39
Batch 2,deltaQ_range,-0.6498633498219608,7.57058105965361e-06,-0.8017502798665455,8.583340705346648e-10,39
Batch 2,deltaQ_logvar,-0.7089786451951733,4.3861659403161675e-07,-0.9018830736836403,4.670872120880439e-15,39
Batch 2,deltaQ_skew,-0.15183723126681328,0.356143819592095,-0.10191329411905392,0.5370026173755788,39
Batch 2,deltaQ_kurtosis,0.4999493901511938,0.0011922223300200238,0.6481742629294771,8.139101615750155e-06,39
Batch 2,c_rate_1,0.05509278655119761,0.7390485991636518,0.19074658847387693,0.2447592682571221,39
Batch 2,switch_soc,0.28781347990487877,0.07561362556004728,0.11611987845984809,0.48145664397821836,39
Batch 2,c_rate_2,-0.11884016238051073,0.4711742552506387,-0.11630518850837052,0.48075249647490165,39
Batch 3,Qd_mean_2_10,0.13214461939929428,0.39251094414180465,0.1509230484929921,0.3281206563929918,44
Batch 3,Qd_100,0.1775318913423052,0.24895218678238262,0.27181284496965685,0.07428236592064172,44
Batch 3,Qd_change_10_100,0.03150327726479176,0.8391322861613216,0.32988148732894285,0.028756185564460933,44
Batch 3,Qd_slope_10_100,0.1841567415948565,0.2314397277904956,0.36050028950488905,0.01622138789301727,44
Batch 3,IR_mean_2_100,0.16865177291867264,0.27379465192307473,0.1898513637128463,0.21707605202413843,44
Batch 3,IR_100,0.16061738005919557,0.2976320716933847,0.15774846281975557,0.3064581500409904,44
Batch 3,IR_slope_10_100,-0.25364719211629877,0.09664061530742525,-0.3143075130063353,0.03772381241427053,44
Batch 3,Tavg_mean_2_100,0.025371766924664505,0.8701417227972023,-0.021766797465161858,0.8884667991507859,44
Batch 3,Tmax_max_2_100,-0.03848051316907449,0.804138749936223,-0.08995270889801338,0.5614557371994217,44
Batch 3,charge_time_mean_2_100,0.19197970306329473,0.21186987785735012,0.6374731672218192,3.2632100720915317e-06,44
Batch 3,charge_time_std_2_100,-0.0174078511955337,0.9107006519767922,-0.2399891889705692,0.11662250906595276,44
Batch 3,deltaQ_min,0.7760236822430022,6.08445072278897e-10,0.6921158515446069,1.9523204627526664e-07,44
Batch 3,deltaQ_mean,0.7561491314853485,2.93364606434711e-09,0.6391153658731696,3.022533174394245e-06,44
Batch 3,deltaQ_abs_mean,-0.7576996283529669,2.6089000664412044e-09,-0.629403230043708,4.724618919690177e-06,44
Batch 3,deltaQ_range,-0.6734089804588037,5.469907739899621e-07,-0.6010366924177548,1.6025678180230686e-05,44
Batch 3,deltaQ_logvar,-0.7972372984772357,9.421335181919783e-11,-0.7018620670132867,1.1066185992756973e-07,44
Batch 3,deltaQ_skew,0.05532454732183787,0.7213237980196466,0.21023681393948024,0.17075824699697784,44
Batch 3,deltaQ_kurtosis,0.31961378612042646,0.034441246816097164,0.3298547869190197,0.028769890429643633,44
Batch 3,c_rate_1,-0.22887519748075072,0.13507191452088127,-0.08289859421256335,0.5926643618733121,44
Batch 3,switch_soc,0.44332485175807257,0.002578765642509396,0.5413599075607185,0.00014786037370863076,44
Batch 3,c_rate_2,0.015736317835818345,0.9192455550957178,-0.042746376392717,0.7829241112282228,44
