batch,cell_id,cycle_life,life_group,label_550,policy,policy_readable,protocol_type,c_rate_1,switch_soc,c_rate_2,summary_cycles,Qd_mean_2_10,Qd_10,Qd_100,Qd_change_10_100,Qd_slope_10_100,IR_mean_2_100,IR_100,IR_slope_10_100,Tavg_mean_2_100,Tmax_max_2_100,charge_time_mean_2_100,charge_time_std_2_100,knee_cycle_proxy,knee_fraction_proxy,deltaQ_min,deltaQ_mean,deltaQ_abs_mean,deltaQ_range,deltaQ_var,deltaQ_logvar,deltaQ_skew,deltaQ_kurtosis
Batch 2,b2c22,,,,VARCHARGE_2C_100CYCLES,VarCharge-2C-100cycles,variable/other,,,,920,1.0930635666666668,1.0933094,1.0839342,-0.009375200000000028,0.0007476909772256683,0.021770682,0.021770682,,34.50224371401082,38.540268,33.66724856902348,94.05862478465889,725.0,0.7875816993464052,-0.006779169322993939,-0.002618816303222525,0.004552858359521979,0.022815998040478513,2.286998138777529e-05,-4.640734188833994,1.4937747250417386,2.3109976015552753
Batch 2,b2c23,,,,VARCHARGE_4C_100CYCLES,VarCharge-4C-100cycles,variable/other,,,,1152,1.0913098222222224,1.0919091,1.0753278,-0.016581300000000132,0.0006328918507724147,0.021160888999999992,0.021160889,-9.54729031716673e-20,34.147927604894626,35.864387697699925,21.78754757575758,95.2613231347553,306.0,0.2643478260869565,-0.01921756649136097,-0.011590160361131023,0.011694520372353686,0.019536944108186745,4.407377341600116e-05,-4.355819765383145,0.9762813817900599,-0.6049483908128916
Batch 2,b2c35,,,,VARCHARGE_6C_100CYCLES,VarCharge-6C-100cycles,variable/other,,,,423,1.0675815000000002,1.0655857,1.0296415,-0.03594419999999987,0.0003064950651377586,0.020666520999999993,0.020666521,,36.507257940976096,39.534397,17.708760673400665,95.65724336064291,110.0,0.25653206650831356,-0.07570840765806064,-0.044821244304517734,0.04484594893580815,0.07592093106191196,0.0006046799255238108,-3.2184744490870476,0.8617955014453467,-0.5280191417600006
Batch 2,b2c36,,,,VARCHARGE_8C_100CYCLES,VarCharge-8C-100cycles,variable/other,,,,280,1.0694867666666665,1.0663357,1.0034419,-0.06289379999999989,-5.349455263576996e-05,0.02033557,0.02033557,,38.56623803155033,42.888380722662205,16.394327962962983,95.83194991875862,73.0,0.25539568345323743,-0.1360257368450053,-0.08442876531435932,0.08442881472449687,0.13603184528588125,0.0020678389069086005,-2.68448329757314,0.9431640406040281,-0.4847785003483276
Batch 2,b2c37,,,,3_6C_80PER_3_6C_SLOWCYCLE,3.6C(80%)-3.6C(SLOWCYCLE,slow-cycle,3.6,80.0,3.6,101,1.0842931666666666,1.0849046,2.1673884,1.0824838,0.0007803050179964875,0.017241923626262628,0.027307276,8.627665790730953e-06,32.93003403034187,39.1016536555162,18.21994124579139,46.920355255080786,42.0,0.41237113402061853,-0.028681743378075525,-0.0029820466170849703,0.0029833160464743996,0.02872699701102338,1.6975541049838655e-05,-4.770176374855136,-4.137164160229212,19.516484528963108
Batch 2,b2c38,,,,4_8C_80PER_4_8C_SLOWCYCLE,4.8C(80%)-4.8C(SLOWCYCLE,slow-cycle,4.8,80.0,4.8,101,1.0853071222222224,1.0860128,2.1622672,1.0762544,0.0007141847443860365,0.01658499318181818,0.025906378,6.043755661729507e-06,33.16550806710767,400.0,14.917342457912511,47.25442463523075,45.0,0.44329896907216493,-0.03614952540357205,-0.013148209711945616,0.013148209711945616,0.03598821239499639,6.096551648838238e-05,-4.214915742585958,0.1864693934987631,-0.2890409403255605
Batch 2,b2c39,,,,3_6C_9PER_5C_SLOWCYCLE,3.6C(9%)-5C(SLOWCYCLE,slow-cycle,3.6,9.0,5.0,434,1.0731997333333332,1.0737677,2.1270139,1.0532462,0.0006805418967988493,0.016808221434343434,0.025266839,3.726214317566443e-06,32.886249589388996,38.63601253667498,14.922638872053804,47.25446648788018,111.0,0.2523148148148148,-0.06095179783518334,-0.03455301965015995,0.03455301965015995,0.06076094606584065,0.0004343611942225858,-3.362148981503471,0.4850189554710639,-1.06956669893821
Batch 2,b2c40,,,,5_2C_58PER_4C_SLOWCYCLE,5.2C(58%)-4C(SLOWCYCLE,slow-cycle,5.2,58.0,4.0,459,1.0851285444444445,1.0857954,2.1616216,1.0758262,0.000747659890109885,0.0,0.0,,32.46931392128253,37.46236706873202,54.54489562289566,396.5944871537416,112.0,0.24070021881838075,-0.048163210220580344,-0.02547583082825176,0.02547583082825176,0.04812853395733836,0.0002516907387538814,-3.5991327645155344,0.36030885930217493,-1.0950510183408946
Batch 3,b3c23,,,,4_8C_80PER_4_8C_NEWSTRUCTURE,4.8C(80%)-4.8C-newstructure,new,4.8,80.0,4.8,2189,1.0677013999999998,1.0683903,1.0669227,-0.0014676000000000133,-1.024331740723883e-05,0.01526148087878788,0.015276786,1.465940117853898e-07,34.929390162261846,38.5191,11.038375218855206,0.0037287947057339176,739.0,0.33699131229995427,-0.01560831972082899,-0.006808658684372332,0.007100924720511469,0.020899104160074233,2.86183478190118e-05,-4.543355442337179,0.10151364266145284,-1.037064779154986
Batch 3,b3c32,,,,4_8C_80PER_4_8C_NEWSTRUCTURE,4.8C(80%)-4.8C-newstructure,new,4.8,80.0,4.8,2237,1.0740918333333331,1.0746125,1.0733908,-0.0012216999999998812,-1.5948668577793355e-05,0.015372072949494947,0.015374158,-1.0272129160695176e-06,35.436174962805026,38.663817380662245,11.039484747474773,0.004660616372862325,843.0,0.3762863534675615,-0.01012140041626175,-0.0032569008987653743,0.004638779073009866,0.02380041360299681,2.123644120759552e-05,-4.672918260349452,1.090811088023523,1.80793704362274
