cv_rank,model,feature_set,n_features,train_mape_mean_pct,train_mape_std_pct,cv_mape_mean_pct,cv_mape_std_pct,gap_train_cv_pp,cv_mae_mean,cv_mae_std,cv_rmse_mean,cv_rmse_std,cv_r2_mean,cv_r2_std,fit_time_mean_sec,improvement_vs_baseline_pp,relative_improvement_vs_baseline_pct
1,Linear Regression,A_deltaQ_logvar,1,7.250791719751502,0.37252331671928846,7.5977586457334265,1.573693427623791,0.34696692598192413,63.48171896170686,14.828737965558057,80.13145847218917,19.543257900505882,0.6027327234796085,0.21531937833412498,0.001142406463623047,13.530402220719514,64.03965923131027
2,Linear Regression,C_exploratory_aux,4,7.051003458135057,0.42204478945935464,8.745047489389687,1.7533850180218922,1.6940440312546308,71.30671284279933,16.541851897983847,91.17741460573602,21.121477493856325,0.4682847069934735,0.34626532598238563,0.0010339736938476563,12.383113377063253,58.60951861988624
3,Elastic Net,C_exploratory_aux,4,7.049520995700112,0.42691491290507205,8.804571725725477,1.7487393867508148,1.7550507300253653,71.66751564406225,16.360682825480954,91.40663299887606,21.074831842782217,0.47175596919374596,0.3274004213664644,0.0010856151580810546,12.323589140727464,58.32778924120519
4,Elastic Net,B_deltaQ_shape,3,6.75241705210359,0.45056703718154306,8.890135739039698,2.7377733320743936,2.1377186869361076,70.68634258199543,13.71789798864715,84.58150437217157,15.995749852011496,0.5402789108941138,0.24990945606925885,0.0010746002197265625,12.238025127413243,57.922813087080584
5,Linear Regression,B_deltaQ_shape,3,6.764524244292273,0.46845386379188275,8.891557370634569,2.757417245951405,2.1270331263422957,70.7140221147644,14.156920367924616,84.64660209033198,16.13437243639199,0.540144888829081,0.24891920503780202,0.0010567188262939453,12.236603495818372,57.916084476843956
6,Ridge,B_deltaQ_shape,3,6.722204336883931,0.3583149362664248,8.895880643281467,2.691777326107899,2.173676306397536,70.60378693776393,11.580771157423206,84.95181343575379,15.176808792946279,0.5322217896197963,0.2606177567236835,0.0010661602020263672,12.232280223171474,57.89562234256628
7,Ridge,C_exploratory_aux,4,7.094650489006135,0.42590935973927896,9.232548910054152,1.9230873520912954,2.1378984210480176,74.69098312885447,16.62131959577284,93.71336479224638,21.23958123646155,0.4650417013009266,0.27002262126964977,0.0010509014129638672,11.895611956398788,56.302164829152304
8,Gradient Boosting,A_deltaQ_logvar,1,5.718037963455767,0.603423859813395,9.420995847262878,4.146858723794897,3.7029578838071107,78.24656155184516,28.140048632840372,106.20193511487234,36.693794059430196,0.3496348754391254,0.3169574131811818,0.009760141372680664,11.707165019190063,55.410241777260275
9,Random Forest,A_deltaQ_logvar,1,6.57741460369332,0.47760123961693346,9.65840456026633,3.8475474557922205,3.08098995657301,79.90991881990361,24.44374158435654,105.8092325783422,36.208879056971014,0.34325495590988114,0.31880048352395435,0.09697446823120118,11.46975630618661,54.28658167970579
10,Random Forest,B_deltaQ_shape,3,6.293381447263561,0.36268333830121796,9.76284828310742,3.701052436150064,3.4694668358438587,81.63793909850035,23.69721279118999,109.44626163085147,37.24894048958264,0.3269030592365973,0.27287603561442997,0.09512062072753906,11.36531258334552,53.792247489895054
11,Random Forest,C_exploratory_aux,4,6.089745489917268,0.4731830560441161,10.03814874778804,5.325901955762382,3.948403257870771,81.56999458561721,30.291415627087634,106.92076696062175,37.960436682059154,0.28459442363176357,0.5412825918633635,0.09314680099487305,11.090012118664902,52.48924498806472
12,Gradient Boosting,B_deltaQ_shape,3,4.80990531799162,0.37485076520591365,10.215589753966476,4.623819134817835,5.405684435974856,84.46507618839549,29.801756222184295,116.88314026110928,35.50147172182274,0.19507729253865003,0.3943043165236538,0.009688854217529297,10.912571112486464,51.649413223719456
13,Gradient Boosting,C_exploratory_aux,4,4.193653638427077,0.32844566135823733,10.576838364044548,5.367802721870207,6.383184725617471,85.88489698828457,31.979655887728576,112.38604235029977,38.59489134241083,0.24926265815955007,0.5371574999138224,0.009693002700805664,10.551322502408393,49.939616463076376
14,Median Baseline,A_deltaQ_logvar,1,18.535965145728536,1.9923404792795765,21.12816086645294,8.381644701046234,2.592195720724405,162.72857142857143,36.13450147313531,190.84100787126104,38.25062558491442,-1.7242782647427972,2.236732836424806,0.0008909225463867188,0.0,0.0
