model,feature_set,fold,train_mape_pct,cv_mape_pct,train_mae,cv_mae,train_rmse,cv_rmse,train_r2,cv_r2,fit_time_sec,score_time_sec
Median Baseline,A_deltaQ_logvar,1,15.01410898008617,36.01652897077808,125.29629629629629,217.25,163.8046487831251,241.96590668935158,-2.2545943110685585e-05,-4.158398449330668,0.0011658668518066406,0.001024007797241211
Median Baseline,A_deltaQ_logvar,2,19.403906566180204,17.859458701138482,138.33333333333334,166.25,168.04838368535195,213.5216616645721,-0.06954562693196875,-0.04382268305003012,0.0008418560028076172,0.0009469985961914062
Median Baseline,A_deltaQ_logvar,3,18.925730747090096,17.47141297846138,153.03571428571428,170.64285714285714,186.6665284863434,189.92996829658782,-0.027231945728108276,-4.187126209774449,0.0008940696716308594,0.0008480548858642578
Median Baseline,A_deltaQ_logvar,4,19.6142517824753,18.48537952114393,147.93103448275863,129.83333333333334,186.44440791125731,160.1660596589261,-0.03213196292091047,-0.22653580274787655,0.0007429122924804688,0.0008692741394042969
Median Baseline,A_deltaQ_logvar,5,19.721827652810912,15.808024160742832,147.82758620689654,129.66666666666666,185.20156773001457,148.62144304686768,-0.027137623428580948,-0.005508178810961661,0.0008099079132080078,0.0008411407470703125
Linear Regression,A_deltaQ_logvar,1,7.656765157073921,6.221746983446294,66.34944126284093,41.87480345970792,83.69504203614045,59.12453908078626,0.738930096084397,0.6920061347020261,0.0014510154724121094,0.0010330677032470703
Linear Regression,A_deltaQ_logvar,2,6.747601817691617,9.215352891747738,55.81520453905877,75.51269607535994,74.66186012666711,92.13781781387685,0.7888805487351509,0.8056347176616494,0.0011191368103027344,0.0009319782257080078
Linear Regression,A_deltaQ_logvar,3,7.518335252310658,6.398518228469359,60.749589065317295,61.60835861578111,81.42654405098817,69.29780830859522,0.8045356225413637,0.30947592898832155,0.0010328292846679688,0.0010251998901367188
Linear Regression,A_deltaQ_logvar,4,7.0059491643300955,9.399329588678835,57.377501685384054,79.1790803733665,71.86719446827496,107.77208562222022,0.8466450191262118,0.4446691221575627,0.0011031627655029297,0.0009527206420898438
Linear Regression,A_deltaQ_logvar,5,7.32530720735122,6.753845536324908,60.46284755918185,59.23365628431886,80.33610221441776,72.32504153546724,0.806731607997239,0.7618777138884831,0.0010058879852294922,0.0009300708770751953
Linear Regression,B_deltaQ_shape,1,6.543017575984625,12.422693502245993,56.96612863767771,76.06731389247854,72.30094792151147,94.62150688344786,0.8051747114127203,0.21116485752504166,0.00115203857421875,0.0009799003601074219
Linear Regression,B_deltaQ_shape,2,6.5515416520795915,9.010659739977061,53.41986604560048,77.36097112773592,68.85912265990315,88.47810831598699,0.820421802952159,0.8207684310423311,0.001062154769897461,0.0008919239044189453
Linear Regression,B_deltaQ_shape,3,7.177727024916128,6.105466297191618,57.30305505508088,56.81120945307969,73.48771298627567,63.19683405229883,0.8407919294354653,0.4257110396064865,0.0010230541229248047,0.0009148120880126953
Linear Regression,B_deltaQ_shape,4,6.221811267013622,10.672469520025397,50.73453683221322,88.00140035241185,64.12911979347297,103.2633765430194,0.8778911723701259,0.49016236556142256,0.001039266586303711,0.0009100437164306641
Linear Regression,B_deltaQ_shape,5,7.328523701467406,6.246497793732778,59.784977912094,55.32921574811606,71.47428047215118,73.67318465690681,0.8470185037743801,0.7529177504101231,0.001007080078125,0.0008809566497802734
Linear Regression,C_exploratory_aux,1,7.48796145326521,7.673584318216436,63.98947008310398,48.415170523552945,78.85675004513544,69.11265218411596,0.7682418078891666,0.5791555070745906,0.0011210441589355469,0.001013040542602539
Linear Regression,C_exploratory_aux,2,6.572966833498805,11.698822798916316,53.43963747669423,93.31243594184528,71.79134038948337,115.66998682348618,0.8048022709023712,0.6936737451288101,0.0009808540344238281,0.0008909702301025391
Linear Regression,C_exploratory_aux,3,6.938638699092501,7.713867564752023,56.38097564988527,74.68838802755413,75.651225814562,87.74843760424112,0.8312796162955427,-0.1071809593600428,0.0009608268737792969,0.0008931159973144531
Linear Regression,C_exploratory_aux,4,6.761229833600235,9.026258971224593,55.15320915665645,76.04654414261205,66.57854785051182,110.19107953442061,0.8683850750346164,0.41946003450106406,0.001039266586303711,0.0009758472442626953
Linear Regression,C_exploratory_aux,5,7.4942204712185365,7.612703793839069,60.02051024235077,64.07102557843224,76.46440757359892,73.16491688241621,0.8249113572057707,0.7563152076229459,0.0010678768157958984,0.0009009838104248047
Ridge,B_deltaQ_shape,1,6.690398807605526,12.823984615533607,57.81262892138021,77.72972807867671,72.7661308790327,96.48420320324524,0.8026596418179089,0.17980152157092333,0.00109100341796875,0.0009081363677978516
Ridge,B_deltaQ_shape,2,6.464433800095126,9.14061988400104,53.145953694479125,77.30244368898924,69.50316359544262,87.77868440820086,0.8170468957276737,0.8235909000743342,0.0011179447174072266,0.0008921623229980469
Ridge,B_deltaQ_shape,3,6.992205992031984,6.31990599945893,56.008349956419366,59.64240738868433,74.34792330717858,64.50017625325005,0.8370428952613267,0.40177903870011766,0.0010480880737304688,0.0008947849273681641
Ridge,B_deltaQ_shape,4,6.30013007131763,9.76809332940991,51.35851568924057,81.75301938611325,64.90791980410529,101.1038571900161,0.8749073233594991,0.5112635879205385,0.0010437965393066406,0.0008840560913085938
Ridge,B_deltaQ_shape,5,7.163853013369392,6.426799388003851,58.710879455007294,56.59133614635613,72.24222559925045,74.89214612405671,0.8437134680396674,0.7446738998330675,0.00102996826171875,0.0008890628814697266
Ridge,C_exploratory_aux,1,7.487693040005289,9.098063473220636,63.885081458218274,55.80092748545643,79.22588448739855,77.56092679810652,0.7660669740594385,0.4699796923303553,0.001010894775390625,0.0009098052978515625
Ridge,C_exploratory_aux,2,6.5270535203774775,12.537624938399494,52.99175097514879,101.11157177909962,72.09091310958925,124.74729002214346,0.8031698199902174,0.6437088057679947,0.0009868144989013672,0.001024007797241211
Ridge,C_exploratory_aux,3,7.087232656034989,7.760852016914346,56.82909458199361,75.01566412796487,76.72661758979943,82.16870609937806,0.8264487596652229,0.029148691946225824,0.0010497570037841797,0.0009002685546875
Ridge,C_exploratory_aux,4,6.844803523981147,8.731264612537116,55.52281350389656,73.86448417722387,67.25118350343087,106.90474727874047,0.8657122594619464,0.45357164246215964,0.0010170936584472656,0.0009229183197021484
Ridge,C_exploratory_aux,5,7.526469704631773,8.034939509199177,60.11825916084568,67.66226807452757,76.98981504401799,77.18515376286334,0.8224969283825212,0.7287996739978972,0.0011899471282958984,0.0009279251098632812
Elastic Net,B_deltaQ_shape,1,6.564467404720917,12.47665985474067,57.08978947602059,76.28386921610826,72.310727333436,94.80844853430978,0.8051220037883015,0.20804480963151872,0.0011248588562011719,0.0009250640869140625
Elastic Net,B_deltaQ_shape,2,6.525003432648811,9.030914753326753,53.293856553214766,77.35784504172204,68.87365094728882,88.23640631044265,0.8203460181096841,0.8217463330219058,0.0010979175567626953,0.0009000301361083984
Elastic Net,B_deltaQ_shape,3,7.142190743497058,6.139017181174428,57.04782582712455,57.253978323050355,73.50888753551567,63.2270547341091,0.840700168658844,0.4251616591234121,0.0010709762573242188,0.0008981227874755859
Elastic Net,B_deltaQ_shape,4,6.230071833834051,10.529661349717147,50.80221481357335,87.01247851822417,64.14901635285632,102.83632770964645,0.8778153901844131,0.49437054408355363,0.0010459423065185547,0.0009121894836425781
Elastic Net,B_deltaQ_shape,5,7.3003518458171115,6.274425556239492,59.60237093213034,55.52354181087228,71.49396656261769,73.79928457234979,0.8469342210842558,0.7520712086101787,0.0010333061218261719,0.0009737014770507812
Elastic Net,C_exploratory_aux,1,7.4874118350742505,7.8591528318149555,63.971350182921185,49.31600317696662,78.86513736242541,70.24275502941221,0.7681925049984206,0.5652800172580672,0.0011341571807861328,0.0008950233459472656
Elastic Net,C_exploratory_aux,2,6.556819069164503,11.782869160220788,53.29427635394844,93.94051041190664,71.79833293885245,117.07891460305443,0.8047642441369476,0.6861658323103477,0.0010280609130859375,0.0008950233459472656
Elastic Net,C_exploratory_aux,3,6.936481574350414,7.721514406226682,56.30366380283535,74.73858028104804,75.68108012875255,86.25475795015227,0.831146425453612,-0.06980825605526486,0.001280069351196289,0.0009009838104248047
Elastic Net,C_exploratory_aux,4,6.7676204796493336,8.979350250260776,55.168503737036204,75.69854974656177,66.59581139455115,109.65697059068494,0.8683168117664909,0.4250742840864229,0.0009899139404296875,0.0008831024169921875
Elastic Net,C_exploratory_aux,5,7.499272020262062,7.679971980104187,60.036069848078675,64.64393460382819,76.47809723498835,73.7997668210765,0.8248486582619962,0.7520679683691573,0.0009958744049072266,0.0009100437164306641
Random Forest,A_deltaQ_logvar,1,6.588136982902085,15.078975454092033,58.28560968249863,93.03496007696002,81.34898984994805,111.38162135998252,0.7533610433166633,-0.09303382303017194,0.1029813289642334,0.01401066780090332
Random Forest,A_deltaQ_logvar,2,6.074418076627663,11.327953001453785,49.039236583032896,111.51551854742478,64.90951715815785,151.00711042305525,0.8404314149410561,0.47791929418201784,0.08602786064147949,0.014438152313232422
Random Forest,A_deltaQ_logvar,3,7.263721001474921,6.504334352418432,60.379931268466976,60.0336583350512,87.35846297829303,67.43302751191953,0.7750191341087637,0.34613944239818084,0.11675906181335449,0.014416933059692383
Random Forest,A_deltaQ_logvar,4,6.18932239586161,9.852566927093285,50.443008317672074,83.52750221383576,67.29787145570076,128.08053961053457,0.8655257409330354,0.21565786801250342,0.09456706047058105,0.014962911605834961
Random Forest,A_deltaQ_logvar,5,6.771474561600326,5.528193066274118,56.087348048184204,51.43795492624628,80.19176699126174,71.14386398621907,0.8074254524000102,0.7695919979868757,0.08453702926635742,0.015112876892089844
Random Forest,B_deltaQ_shape,1,6.3207191076146545,15.007634829488323,56.16322288159267,92.13291257656408,76.28396376539153,109.54291153703397,0.7831178309199089,-0.05724366041755302,0.09297990798950195,0.012794971466064453
Random Forest,B_deltaQ_shape,2,5.967349922761101,11.717804733207958,48.14532102773764,115.82135323472835,61.500362431550904,160.06181518446252,0.8567528509626394,0.4134320567651195,0.09465909004211426,0.013971805572509766
Random Forest,B_deltaQ_shape,3,6.873080317632434,5.999144437706876,57.34194959372644,56.70551020408168,81.19792230713267,65.15694280122638,0.8056316944137625,0.3895343650337417,0.09686708450317383,0.014750957489013672
Random Forest,B_deltaQ_shape,4,6.005264199268338,9.34730073065965,48.767220588479226,80.45414417989413,66.14199385751536,128.6604762934862,0.8701054084063649,0.20853893211004515,0.0964961051940918,0.013447999954223633
Random Forest,B_deltaQ_shape,5,6.300493689041279,6.742356684474293,52.39900501318596,63.07577529723352,74.40609765411092,83.80916233804827,0.8342107465677033,0.6802536026916333,0.09460091590881348,0.01462697982788086
Random Forest,C_exploratory_aux,1,5.736782473910121,18.449914721008472,50.549813881248944,115.76797272981628,66.6519473577237,136.51095018650847,0.834429473063249,-0.6418803646119988,0.09602713584899902,0.014519929885864258
Random Forest,C_exploratory_aux,2,5.700320017631223,11.506700323861603,45.40863909821316,109.67315291305916,58.814367456899696,145.01951299273742,0.8689920960952824,0.5185006183421192,0.09568905830383301,0.014095783233642578
Random Forest,C_exploratory_aux,3,6.784873277493932,5.475514010478958,55.88245558905385,51.60695717377879,75.14334737037112,60.71613024759782,0.8335373936268152,0.4699119773101781,0.09516692161560059,0.014677047729492188
Random Forest,C_exploratory_aux,4,5.853515973234093,9.051127466572405,47.24333527806798,77.44939494147839,61.972462746633056,119.32197559777845,0.8859660905257231,0.3192618066657643,0.09325194358825684,0.013643026351928711
Random Forest,C_exploratory_aux,5,6.373235707316972,5.707487217018758,51.92632316342668,53.35249516995348,71.12335555734447,73.03526577848662,0.8485170351800619,0.757178080452755,0.08559894561767578,0.014714956283569336
Gradient Boosting,A_deltaQ_logvar,1,5.907824914035077,15.235324300961079,51.81423028396197,94.11330729382202,66.02558536093699,114.71395977243407,0.8375267506682781,-0.15941542115730778,0.010830879211425781,0.0011091232299804688
Gradient Boosting,A_deltaQ_logvar,2,5.269360422855739,11.996130294946807,43.4408078118719,118.24221289316468,58.06265244715827,162.02054459071994,0.8723195572067209,0.39898816478248134,0.009514093399047852,0.0009691715240478516
Gradient Boosting,A_deltaQ_logvar,3,6.688373666745847,5.301289480270001,55.635178999130964,48.767685905439585,83.21294930461124,67.4325332128074,0.7958650131135478,0.3461490282501123,0.009425878524780273,0.000997781753540039
Gradient Boosting,A_deltaQ_logvar,4,5.2515852288152285,8.349279215851109,43.43733141918807,72.09022514526141,53.23327431951595,106.98250519140286,0.9158599310731089,0.4527764564303801,0.009558916091918945,0.0009307861328125
Gradient Boosting,A_deltaQ_logvar,5,5.473045584826945,6.2229559442854,45.31201650443735,58.019376521538085,62.181867388852325,79.86013280699741,0.8842111233358441,0.709676148889961,0.009470939636230469,0.0009288787841796875
Gradient Boosting,B_deltaQ_shape,1,5.004137107697484,16.843986989797788,43.90043174236856,103.70579247378443,52.87028870080915,126.860570030459,0.8958208740409418,-0.4179465066175909,0.009656190872192383,0.0010178089141845703
Gradient Boosting,B_deltaQ_shape,2,4.738188529305455,12.314040467267692,39.11048996231735,121.45967994762599,52.92314166911618,164.51420145745078,0.8939228430428194,0.38034545911301,0.009603023529052734,0.0009400844573974609
Gradient Boosting,B_deltaQ_shape,3,5.34299787715762,5.338041902197855,43.74961711888559,48.81351545169813,57.93392271202417,76.445925074836,0.9010532607829956,0.15967263879957372,0.009709835052490234,0.0010259151458740234
Gradient Boosting,B_deltaQ_shape,4,4.3818897979039955,10.020193820188426,35.07084310268843,87.03580646871767,43.76116338457698,129.3991155111841,0.9431390355401665,0.19942529743505355,0.009783029556274414,0.0009620189666748047
Gradient Boosting,B_deltaQ_shape,5,4.582313277893548,6.561685590380629,37.473131854634005,61.31058660015119,49.13153636503155,87.19588923161639,0.9277130318533277,0.6538895739632038,0.009692192077636719,0.0009877681732177734
Gradient Boosting,C_exploratory_aux,1,4.2253511921958,18.404018925372185,36.20925800480122,114.18769652656864,46.42601320161893,137.70708565871087,0.9196695635079883,-0.6707793713062764,0.009772062301635742,0.0009300708770751953
Gradient Boosting,C_exploratory_aux,2,4.18606365316582,12.150496589009848,34.16535840727047,112.88358535689132,44.00593393694609,143.72172410267873,0.9266579370032871,0.5270799945842404,0.009634971618652344,0.0009469985961914062
Gradient Boosting,C_exploratory_aux,3,4.71802444417982,3.8081149123511397,37.48521878629968,36.00972173203205,48.272884676236615,48.458057036131464,0.9313023122848301,0.6623460635916391,0.009738922119140625,0.0009698867797851562
Gradient Boosting,C_exploratory_aux,4,3.969737714444694,10.317292826874237,32.345240673480085,88.58285820592987,38.84653714767232,126.55636389754062,0.9551934891967265,0.2342143493259109,0.009685993194580078,0.0010187625885009766
Gradient Boosting,C_exploratory_aux,5,3.869091188149249,8.204268566615331,30.95220572343651,77.76062312000097,39.01643535705603,105.4869810564372,0.9544136839303992,0.4934522546022364,0.009633064270019531,0.0009629726409912109
