batch,cell_id,policy,split,random_state
Batch 1,b1c0,3_6C-80PER_3_6C,valid,42
Batch 1,b1c1,3_6C-80PER_3_6C,valid,42
Batch 1,b1c2,3_6C-80PER_3_6C,valid,42
Batch 1,b1c3,4C-80PER_4C,train,42
Batch 1,b1c4,4C-80PER_4C,train,42
Batch 1,b1c5,4_4C-80PER_4_4C,train,42
Batch 1,b1c6,4_8C-80PER_4_8C,train,42
Batch 1,b1c7,4_8C-80PER_4_8C,train,42
Batch 1,b1c8,5_4C-40PER_3_6C,train,42
Batch 1,b1c9,5_4C-40PER_3_6C,train,42
Batch 1,b1c10,5_4C-50PER_3C,train,42
Batch 1,b1c11,5_4C-50PER_3C,train,42
Batch 1,b1c12,5_4C-50PER_3_6C,train,42
Batch 1,b1c13,5_4C-50PER_3_6C,train,42
Batch 1,b1c14,5_4C-60PER_3C,train,42
Batch 1,b1c15,5_4C-60PER_3C,train,42
Batch 1,b1c16,5_4C-60PER_3_6C,valid,42
Batch 1,b1c17,5_4C-60PER_3_6C,valid,42
Batch 1,b1c18,5_4C-70PER_3C,valid,42
Batch 1,b1c19,5_4C-70PER_3C,valid,42
Batch 1,b1c20,5_4C-80PER_5_4C,train,42
Batch 1,b1c21,5_4C-80PER_5_4C,train,42
Batch 1,b1c22,6C-30PER_3_6C,train,42
Batch 1,b1c23,6C-30PER_3_6C,train,42
Batch 1,b1c24,6C-40PER_3C,train,42
Batch 1,b1c25,6C-40PER_3C,train,42
Batch 1,b1c26,6C-40PER_3_6C,train,42
Batch 1,b1c27,6C-40PER_3_6C,train,42
Batch 1,b1c28,6C-50PER_3C,train,42
Batch 1,b1c29,6C-50PER_3C,train,42
Batch 1,b1c30,6C-50PER_3_6C,valid,42
Batch 1,b1c31,6C-50PER_3_6C,valid,42
Batch 1,b1c32,6C-60PER_3C,train,42
Batch 1,b1c33,6C-60PER_3C,train,42
Batch 1,b1c34,7C-30PER_3_6C,valid,42
Batch 1,b1c35,7C-30PER_3_6C,valid,42
Batch 1,b1c36,7C-40PER_3C,train,42
Batch 1,b1c37,7C-40PER_3C,train,42
Batch 1,b1c38,7C-40PER_3_6C,train,42
Batch 1,b1c39,7C-40PER_3_6C,train,42
Batch 1,b1c40,8C-15PER_3_6C,train,42
Batch 1,b1c41,8C-15PER_3_6C,train,42
Batch 1,b1c42,8C-25PER_3_6C,train,42
Batch 1,b1c43,8C-25PER_3_6C,train,42
Batch 1,b1c44,8C-35PER_3_6C,train,42
Batch 1,b1c45,8C-35PER_3_6C,train,42
Batch 2,b2c0,5_2C_58PER_4C,test,42
Batch 2,b2c1,5_6C_26PER_4_5C,test,42
Batch 2,b2c2,5_2C_50PER_4_25C,test,42
Batch 2,b2c3,4_65C_44PER_5C,test,42
Batch 2,b2c4,4_65C_69PER_6C,test,42
Batch 2,b2c5,3_6C_30PER_6C,test,42
Batch 2,b2c6,3_6C_9PER_5C,test,42
Batch 2,b2c7,4_8C_80PER_4_8C_NEWSTRUCTURE,test,42
Batch 2,b2c8,5_2C_58PER_4C_NEWSTRUCTURE,test,42
Batch 2,b2c9,5_6C_26PER_4_5C_NEWSTRUCTURE,test,42
Batch 2,b2c10,4_8C_80PER_4_8C,test,42
Batch 2,b2c11,5_2C_50PER_4_25C,test,42
Batch 2,b2c12,4_65C_44PER_5C,test,42
Batch 2,b2c13,4_65C_69PER_6C,test,42
Batch 2,b2c14,3_6C_30PER_6C,test,42
Batch 2,b2c15,3_6C_9PER_5C,test,42
Batch 2,b2c16,4_8C_80PER_4_8C,test,42
Batch 2,b2c17,5_6C_26PER_4_5C,test,42
Batch 2,b2c18,5_2C_50PER_4_25C,test,42
Batch 2,b2c19,6C_60PER_3C,test,42
Batch 2,b2c20,5_2C_58PER_4C,test,42
Batch 2,b2c21,6C_60PER_3C,test,42
Batch 2,b2c24,4_8C_80PER_4_8C,test,42
Batch 2,b2c25,5_2C_58PER_4C,test,42
Batch 2,b2c26,5_6C_26PER_4_5C,test,42
Batch 2,b2c27,5_2C_50PER_4_25C,test,42
Batch 2,b2c28,4_8C_80PER_4_8C,test,42
Batch 2,b2c29,5_2C_58PER_4C,test,42
Batch 2,b2c30,5_6C_26PER_4_5C,test,42
Batch 2,b2c31,5_6C_26PER_4_5C,test,42
Batch 2,b2c32,4_8C_80PER_4_8C_NEWSTRUCTURE,test,42
Batch 2,b2c33,5_2C_58PER_4C_NEWSTRUCTURE,test,42
Batch 2,b2c34,5_6C_26PER_4_5C_NEWSTRUCTURE,test,42
Batch 2,b2c41,5_6C_26PER_4_5C,test,42
Batch 2,b2c42,5_2C_50PER_4_25C,test,42
Batch 2,b2c43,4_8C_80PER_4_8C_NEWSTRUCTURE,test,42
Batch 2,b2c44,5_2C_58PER_4C_NEWSTRUCTURE,test,42
Batch 2,b2c45,5_6C_26PER_4_5C_NEWSTRUCTURE,test,42
Batch 2,b2c46,4_8C_80PER_4_8C,test,42
Batch 3,b3c0,5C_67PER_4C_NEWSTRUCTURE,additional,42
Batch 3,b3c1,5_3C_54PER_4C_NEWSTRUCTURE,additional,42
Batch 3,b3c2,5_6C_19PER_4_6C_NEWSTRUCTURE,additional,42
Batch 3,b3c3,5_6C_36PER_4_3C_NEWSTRUCTURE,additional,42
Batch 3,b3c4,5_6C_19PER_4_6C_NEWSTRUCTURE,additional,42
Batch 3,b3c5,5_6C_36PER_4_3C_NEWSTRUCTURE,additional,42
Batch 3,b3c6,3_7C_31PER_5_9C_NEWSTRUCTURE,additional,42
Batch 3,b3c7,4_8C_80PER_4_8C_NEWSTRUCTURE,additional,42
Batch 3,b3c8,5C_67PER_4C_NEWSTRUCTURE,additional,42
Batch 3,b3c9,5_3C_54PER_4C_NEWSTRUCTURE,additional,42
Batch 3,b3c10,4_8C_80PER_4_8C_NEWSTRUCTURE,additional,42
Batch 3,b3c11,5_6C_19PER_4_6C_NEWSTRUCTURE,additional,42
Batch 3,b3c12,5_6C_36PER_4_3C_NEWSTRUCTURE,additional,42
Batch 3,b3c13,5_6C_19PER_4_6C_NEWSTRUCTURE,additional,42
Batch 3,b3c14,5_6C_36PER_4_3C_NEWSTRUCTURE,additional,42
Batch 3,b3c15,5_9C_15PER_4_6C_NEWSTRUCTURE,additional,42
Batch 3,b3c16,4_8C_80PER_4_8C_NEWSTRUCTURE,additional,42
Batch 3,b3c17,5_3C_54PER_4C_NEWSTRUCTURE,additional,42
Batch 3,b3c18,5_6C_19PER_4_6C_NEWSTRUCTURE,additional,42
Batch 3,b3c19,5_6C_36PER_4_3C_NEWSTRUCTURE,additional,42
Batch 3,b3c20,5C_67PER_4C_NEWSTRUCTURE,additional,42
Batch 3,b3c21,3_7C_31PER_5_9C_NEWSTRUCTURE,additional,42
Batch 3,b3c22,5_9C_60PER_3_1C_NEWSTRUCTURE,additional,42
Batch 3,b3c24,5C_67PER_4C_NEWSTRUCTURE,additional,42
Batch 3,b3c25,5_3C_54PER_4C_NEWSTRUCTURE,additional,42
Batch 3,b3c26,5_6C_19PER_4_6C_NEWSTRUCTURE,additional,42
Batch 3,b3c27,5_6C_36PER_4_3C_NEWSTRUCTURE,additional,42
Batch 3,b3c28,3_7C_31PER_5_9C_NEWSTRUCTURE,additional,42
Batch 3,b3c29,5_9C_15PER_4_6C_NEWSTRUCTURE,additional,42
Batch 3,b3c30,5_3C_54PER_4C_NEWSTRUCTURE,additional,42
Batch 3,b3c31,5_9C_60PER_3_1C_NEWSTRUCTURE,additional,42
Batch 3,b3c33,5C_67PER_4C_NEWSTRUCTURE,additional,42
Batch 3,b3c34,5_3C_54PER_4C_NEWSTRUCTURE,additional,42
Batch 3,b3c35,5_6C_19PER_4_6C_NEWSTRUCTURE,additional,42
Batch 3,b3c36,5_6C_36PER_4_3C_NEWSTRUCTURE,additional,42
Batch 3,b3c37,4_8C_80PER_4_8C_NEWSTRUCTURE,additional,42
Batch 3,b3c38,5C_67PER_4C_NEWSTRUCTURE,additional,42
Batch 3,b3c39,5_3C_54PER_4C_NEWSTRUCTURE,additional,42
Batch 3,b3c40,5_6C_19PER_4_6C_NEWSTRUCTURE,additional,42
Batch 3,b3c41,5_6C_36PER_4_3C_NEWSTRUCTURE,additional,42
Batch 3,b3c42,4_8C_80PER_4_8C_NEWSTRUCTURE,additional,42
Batch 3,b3c43,5C_67PER_4C_NEWSTRUCTURE,additional,42
Batch 3,b3c44,5_3C_54PER_4C_NEWSTRUCTURE,additional,42
Batch 3,b3c45,4_8C_80PER_4_8C_NEWSTRUCTURE,additional,42
