batch,cell_id,policy,cycle_life,prediction,residual_actual_minus_pred,absolute_percentage_error_pct
Batch 2,b2c0,5_2C_58PER_4C,477.0,656.0742893294638,-179.0742893294638,37.541779733640205
Batch 2,b2c1,5_6C_26PER_4_5C,491.0,574.2388478002283,-83.23884780022831,16.95292215890597
Batch 2,b2c2,5_2C_50PER_4_25C,424.0,644.3895925021836,-220.38959250218363,51.9786774769301
Batch 2,b2c3,4_65C_44PER_5C,499.0,659.957391142342,-160.95739114234198,32.25599020888617
Batch 2,b2c4,4_65C_69PER_6C,444.0,545.8906093500448,-101.89060935004477,22.948335439199273
Batch 2,b2c5,3_6C_30PER_6C,416.0,482.4747685235697,-66.47476852356971,15.97951166431964
Batch 2,b2c6,3_6C_9PER_5C,393.0,674.5745723732344,-281.57457237323445,71.6474738863192
Batch 2,b2c7,4_8C_80PER_4_8C_NEWSTRUCTURE,777.0,978.0320679773897,-201.03206797738972,25.87285302154308
Batch 2,b2c8,5_2C_58PER_4C_NEWSTRUCTURE,904.0,922.1320446414537,-18.132044641453717,2.005757150603287
Batch 2,b2c9,5_6C_26PER_4_5C_NEWSTRUCTURE,791.0,1026.799238880293,-235.79923888029293,29.810270402059793
Batch 2,b2c10,4_8C_80PER_4_8C,492.0,640.3464423331284,-148.34644233312838,30.151715921367554
Batch 2,b2c11,5_2C_50PER_4_25C,449.0,655.2648267447892,-206.26482674478916,45.93871419705772
Batch 2,b2c12,4_65C_44PER_5C,466.0,517.977516481828,-51.97751648182805,11.153973493954517
Batch 2,b2c13,4_65C_69PER_6C,460.0,594.305427088085,-134.30542708808503,29.196831975670655
Batch 2,b2c14,3_6C_30PER_6C,426.0,496.59091731214704,-70.59091731214704,16.570637866701183
Batch 2,b2c15,3_6C_9PER_5C,396.0,668.611320188158,-272.61132018815795,68.84124247175706
Batch 2,b2c16,4_8C_80PER_4_8C,472.0,659.3683193822492,-187.36831938224918,39.69667783522228
Batch 2,b2c17,5_6C_26PER_4_5C,471.0,661.7311442292918,-190.73114422929177,40.49493508052904
Batch 2,b2c18,5_2C_50PER_4_25C,449.0,751.2414340947339,-302.2414340947339,67.31435057789173
Batch 2,b2c19,6C_60PER_3C,392.0,571.6034488214001,-179.6034488214001,45.817206331989816
Batch 2,b2c20,5_2C_58PER_4C,489.0,636.1967103339553,-147.19671033395525,30.10157675541007
Batch 2,b2c21,6C_60PER_3C,408.0,586.6204279817111,-178.62042798171115,43.7795166621841
Batch 2,b2c24,4_8C_80PER_4_8C,514.0,722.5156570522829,-208.5156570522829,40.56724845375154
Batch 2,b2c25,5_2C_58PER_4C,493.0,676.4941275362688,-183.49412753626882,37.21990416557177
Batch 2,b2c26,5_6C_26PER_4_5C,450.0,541.3695634789226,-91.3695634789226,20.30434743976058
Batch 2,b2c27,5_2C_50PER_4_25C,474.0,655.6153326091722,-181.61533260917224,38.3154710145933
Batch 2,b2c28,4_8C_80PER_4_8C,437.0,628.4573820593887,-191.4573820593887,43.81175790832693
Batch 2,b2c29,5_2C_58PER_4C,452.0,665.1496725524077,-213.14967255240765,47.157007201860104
Batch 2,b2c30,5_6C_26PER_4_5C,412.0,525.5208899632762,-113.5208899632762,27.55361406875636
Batch 2,b2c31,5_6C_26PER_4_5C,425.0,597.7270084449893,-172.72700844498934,40.641649045879845
Batch 2,b2c32,4_8C_80PER_4_8C_NEWSTRUCTURE,809.0,934.6935311379137,-125.69353113791374,15.536901253141377
Batch 2,b2c33,5_2C_58PER_4C_NEWSTRUCTURE,1140.0,978.0140020672052,161.98599793279482,14.209298064280246
Batch 2,b2c34,5_6C_26PER_4_5C_NEWSTRUCTURE,1186.0,1071.8485668832257,114.15143311677434,9.624910043572878
Batch 2,b2c41,5_6C_26PER_4_5C,442.0,519.8794248623767,-77.87942486237671,17.619779380628213
Batch 2,b2c42,5_2C_50PER_4_25C,474.0,654.0514070528935,-180.05140705289352,37.98552891411256
Batch 2,b2c43,4_8C_80PER_4_8C_NEWSTRUCTURE,1029.0,995.3805723501284,33.61942764987157,3.2671941350701235
Batch 2,b2c44,5_2C_58PER_4C_NEWSTRUCTURE,841.0,1035.4916035730444,-194.49160357304436,23.126231102621208
Batch 2,b2c45,5_6C_26PER_4_5C_NEWSTRUCTURE,997.0,953.615030833419,43.38496916658096,4.351551571372212
Batch 2,b2c46,4_8C_80PER_4_8C,503.0,665.4208321345786,-162.42083213457863,32.29042388361405
